url,weekid,week_position,song,performer,songid,instance,previous_week_position,peak_position,weeks_on_chart,year,month,day
http://www.billboard.com/charts/hot-100/1958-12-13,12/13/1958,83,RUN RUDOLPH RUN,Chuck Berry,Run Rudolph RunChuck Berry,1,,69,3,1958,12,13
http://www.billboard.com/charts/hot-100/1958-12-20,12/20/1958,57,JINGLE BELL ROCK,Bobby Helms,Jingle Bell RockBobby Helms,1,,29,19,1958,12,20
http://www.billboard.com/charts/hot-100/1958-12-20,12/20/1958,73,RUN RUDOLPH RUN,Chuck Berry,Run Rudolph RunChuck Berry,1,83,69,3,1958,12,20
http://www.billboard.com/charts/hot-100/1958-12-20,12/20/1958,86,WHITE CHRISTMAS,Bing Crosby,White ChristmasBing Crosby,1,,12,13,1958,12,20
http://www.billboard.com/charts/hot-100/1958-12-27,12/27/1958,44,GREEN CHRI$TMA$,Stan Freberg,Green Chri$tma$Stan Freberg,1,,44,2,1958,12,27
http://www.billboard.com/charts/hot-100/1958-12-27,12/27/1958,66,WHITE CHRISTMAS,Bing Crosby,White ChristmasBing Crosby,1,86,12,13,1958,12,27
http://www.billboard.com/charts/hot-100/1958-12-27,12/27/1958,69,RUN RUDOLPH RUN,Chuck Berry,Run Rudolph RunChuck Berry,1,73,69,3,1958,12,27
http://www.billboard.com/charts/hot-100/1958-12-27,12/27/1958,35,JINGLE BELL ROCK,Bobby Helms,Jingle Bell RockBobby Helms,1,57,29,19,1958,12,27
http://www.billboard.com/charts/hot-100/1959-01-03,1/3/1959,45,JINGLE BELL ROCK,Bobby Helms,Jingle Bell RockBobby Helms,1,35,29,19,1959,1,3
http://www.billboard.com/charts/hot-100/1959-01-03,1/3/1959,53,GREEN CHRI$TMA$,Stan Freberg,Green Chri$tma$Stan Freberg,1,44,44,2,1959,1,3
http://www.billboard.com/charts/hot-100/1959-01-10,1/10/1959,70,JINGLE BELL ROCK,Bobby Helms,Jingle Bell RockBobby Helms,1,45,29,19,1959,1,10
http://www.billboard.com/charts/hot-100/1959-12-05,12/5/1959,83,THE HAPPY REINDEER,"Dancer, Prancer And Nervous","The Happy ReindeerDancer, Prancer And Nervous",1,,34,6,1959,12,5
http://www.billboard.com/charts/hot-100/1959-12-12,12/12/1959,89,THE CHIPMUNK SONG (CHRISTMAS DON'T BE LATE),David Seville And The Chipmunks,The Chipmunk Song (Christmas Don't Be Late)David Seville And The Chipmunks,1,,39,15,1959,12,12
http://www.billboard.com/charts/hot-100/1959-12-12,12/12/1959,80,THE HAPPY REINDEER,"Dancer, Prancer And Nervous","The Happy ReindeerDancer, Prancer And Nervous",1,83,34,6,1959,12,12
http://www.billboard.com/charts/hot-100/1959-12-19,12/19/1959,76,THE HAPPY REINDEER,"Dancer, Prancer And Nervous","The Happy ReindeerDancer, Prancer And Nervous",1,80,34,6,1959,12,19
http://www.billboard.com/charts/hot-100/1959-12-19,12/19/1959,96,THIS TIME OF THE YEAR,Brook Benton,This Time Of The YearBrook Benton,1,,66,5,1959,12,19
http://www.billboard.com/charts/hot-100/1959-12-19,12/19/1959,68,THE CHIPMUNK SONG (CHRISTMAS DON'T BE LATE),David Seville And The Chipmunks,The Chipmunk Song (Christmas Don't Be Late)David Seville And The Chipmunks,1,89,39,15,1959,12,19
http://www.billboard.com/charts/hot-100/1959-12-26,12/26/1959,59,WHITE CHRISTMAS,Bing Crosby,White ChristmasBing Crosby,2,,12,13,1959,12,26
http://www.billboard.com/charts/hot-100/1959-12-26,12/26/1959,77,THIS TIME OF THE YEAR,Brook Benton,This Time Of The YearBrook Benton,1,96,66,5,1959,12,26
http://www.billboard.com/charts/hot-100/1959-12-26,12/26/1959,34,THE HAPPY REINDEER,"Dancer, Prancer And Nervous","The Happy ReindeerDancer, Prancer And Nervous",1,76,34,6,1959,12,26
http://www.billboard.com/charts/hot-100/1959-12-26,12/26/1959,41,THE CHIPMUNK SONG (CHRISTMAS DON'T BE LATE),David Seville And The Chipmunks,The Chipmunk Song (Christmas Don't Be Late)David Seville And The Chipmunks,1,68,39,15,1959,12,26
http://www.billboard.com/charts/hot-100/1960-01-02,1/2/1960,45,THE HAPPY REINDEER,"Dancer, Prancer And Nervous","The Happy ReindeerDancer, Prancer And Nervous",1,34,34,6,1960,1,2
http://www.billboard.com/charts/hot-100/1960-01-02,1/2/1960,61,THE CHIPMUNK SONG (CHRISTMAS DON'T BE LATE),David Seville And The Chipmunks,The Chipmunk Song (Christmas Don't Be Late)David Seville And The Chipmunks,1,41,39,15,1960,1,2
http://www.billboard.com/charts/hot-100/1960-01-02,1/2/1960,75,THIS TIME OF THE YEAR,Brook Benton,This Time Of The YearBrook Benton,1,77,66,5,1960,1,2
http://www.billboard.com/charts/hot-100/1960-01-09,1/9/1960,70,THIS TIME OF THE YEAR,Brook Benton,This Time Of The YearBrook Benton,1,75,66,5,1960,1,9
http://www.billboard.com/charts/hot-100/1960-01-09,1/9/1960,62,THE CHIPMUNK SONG (CHRISTMAS DON'T BE LATE),David Seville And The Chipmunks,The Chipmunk Song (Christmas Don't Be Late)David Seville And The Chipmunks,1,61,39,15,1960,1,9
http://www.billboard.com/charts/hot-100/1960-01-09,1/9/1960,93,THE HAPPY REINDEER,"Dancer, Prancer And Nervous","The Happy ReindeerDancer, Prancer And Nervous",1,45,34,6,1960,1,9
http://www.billboard.com/charts/hot-100/1960-01-16,1/16/1960,66,THIS TIME OF THE YEAR,Brook Benton,This Time Of The YearBrook Benton,1,70,66,5,1960,1,16
http://www.billboard.com/charts/hot-100/1960-12-10,12/10/1960,66,THE CHIPMUNK SONG (CHRISTMAS DON'T BE LATE),David Seville And The Chipmunks,The Chipmunk Song (Christmas Don't Be Late)David Seville And The Chipmunks,2,,39,15,1960,12,10
http://www.billboard.com/charts/hot-100/1960-12-10,12/10/1960,100,THE CHRISTMAS SONG (MERRY CHRISTMAS TO YOU),Nat King Cole,The Christmas Song (Merry Christmas To You)Nat King Cole,1,,38,8,1960,12,10
http://www.billboard.com/charts/hot-100/1960-12-10,12/10/1960,64,ROCKIN' AROUND THE CHRISTMAS TREE,Brenda Lee,Rockin' Around The Christmas TreeBrenda Lee,1,,14,18,1960,12,10
http://www.billboard.com/charts/hot-100/1960-12-10,12/10/1960,55,WHITE CHRISTMAS,Bing Crosby,White ChristmasBing Crosby,3,,12,13,1960,12,10
http://www.billboard.com/charts/hot-100/1960-12-10,12/10/1960,69,JINGLE BELL ROCK,Bobby Helms,Jingle Bell RockBobby Helms,2,,29,19,1960,12,10
http://www.billboard.com/charts/hot-100/1960-12-17,12/17/1960,64,SILENT NIGHT,Bing Crosby,Silent NightBing Crosby,1,,54,2,1960,12,17
http://www.billboard.com/charts/hot-100/1960-12-17,12/17/1960,46,JINGLE BELL ROCK,Bobby Helms,Jingle Bell RockBobby Helms,2,69,29,19,1960,12,17
http://www.billboard.com/charts/hot-100/1960-12-17,12/17/1960,26,ROCKIN' AROUND THE CHRISTMAS TREE,Brenda Lee,Rockin' Around The Christmas TreeBrenda Lee,1,64,14,18,1960,12,17
http://www.billboard.com/charts/hot-100/1960-12-17,12/17/1960,78,TWISTIN' BELLS,Santo & Johnny,Twistin' BellsSanto & Johnny,1,,49,3,1960,12,17
http://www.billboard.com/charts/hot-100/1960-12-17,12/17/1960,89,CHRISTMAS AULD LANG SYNE,Bobby Darin,Christmas Auld Lang SyneBobby Darin,1,,51,3,1960,12,17
http://www.billboard.com/charts/hot-100/1960-12-17,12/17/1960,32,WHITE CHRISTMAS,Bing Crosby,White ChristmasBing Crosby,3,55,12,13,1960,12,17
http://www.billboard.com/charts/hot-100/1960-12-17,12/17/1960,45,THE CHIPMUNK SONG (CHRISTMAS DON'T BE LATE),David Seville And The Chipmunks,The Chipmunk Song (Christmas Don't Be Late)David Seville And The Chipmunks,2,66,39,15,1960,12,17
http://www.billboard.com/charts/hot-100/1960-12-17,12/17/1960,80,THE CHRISTMAS SONG (MERRY CHRISTMAS TO YOU),Nat King Cole,The Christmas Song (Merry Christmas To You)Nat King Cole,1,100,38,8,1960,12,17
http://www.billboard.com/charts/hot-100/1960-12-17,12/17/1960,97,BLUE CHRISTMAS,The Browns Featuring Jim Edward Brown,Blue ChristmasThe Browns Featuring Jim Edward Brown,1,,97,1,1960,12,17
http://www.billboard.com/charts/hot-100/1960-12-17,12/17/1960,96,WHITE CHRISTMAS,The Drifters Featuring Clyde McPhatter And Bill Pinkney,White ChristmasThe Drifters Featuring Clyde McPhatter And Bill Pinkney,1,,88,2,1960,12,17
http://www.billboard.com/charts/hot-100/1960-12-24,12/24/1960,61,TWISTIN' BELLS,Santo & Johnny,Twistin' BellsSanto & Johnny,1,78,49,3,1960,12,24
http://www.billboard.com/charts/hot-100/1960-12-24,12/24/1960,14,ROCKIN' AROUND THE CHRISTMAS TREE,Brenda Lee,Rockin' Around The Christmas TreeBrenda Lee,1,26,14,18,1960,12,24
http://www.billboard.com/charts/hot-100/1960-12-24,12/24/1960,26,WHITE CHRISTMAS,Bing Crosby,White ChristmasBing Crosby,3,32,12,13,1960,12,24
http://www.billboard.com/charts/hot-100/1960-12-24,12/24/1960,36,JINGLE BELL ROCK,Bobby Helms,Jingle Bell RockBobby Helms,2,46,29,19,1960,12,24
http://www.billboard.com/charts/hot-100/1960-12-24,12/24/1960,60,THE CHIPMUNK SONG (CHRISTMAS DON'T BE LATE),David Seville And The Chipmunks,The Chipmunk Song (Christmas Don't Be Late)David Seville And The Chipmunks,2,45,39,15,1960,12,24
http://www.billboard.com/charts/hot-100/1960-12-24,12/24/1960,54,SILENT NIGHT,Bing Crosby,Silent NightBing Crosby,1,64,54,2,1960,12,24
http://www.billboard.com/charts/hot-100/1960-12-24,12/24/1960,95,CHILD OF GOD,Bobby Darin,Child Of GodBobby Darin,1,,95,1,1960,12,24
http://www.billboard.com/charts/hot-100/1960-12-24,12/24/1960,58,CHRISTMAS AULD LANG SYNE,Bobby Darin,Christmas Auld Lang SyneBobby Darin,1,89,51,3,1960,12,24
http://www.billboard.com/charts/hot-100/1960-12-31,12/31/1960,18,ROCKIN' AROUND THE CHRISTMAS TREE,Brenda Lee,Rockin' Around The Christmas TreeBrenda Lee,1,14,14,18,1960,12,31
http://www.billboard.com/charts/hot-100/1960-12-31,12/31/1960,49,TWISTIN' BELLS,Santo & Johnny,Twistin' BellsSanto & Johnny,1,61,49,3,1960,12,31
http://www.billboard.com/charts/hot-100/1960-12-31,12/31/1960,51,CHRISTMAS AULD LANG SYNE,Bobby Darin,Christmas Auld Lang SyneBobby Darin,1,58,51,3,1960,12,31
http://www.billboard.com/charts/hot-100/1961-11-25,11/25/1961,99,LITTLE ALTAR BOY,Vic Dana,Little Altar BoyVic Dana,1,,45,8,1961,11,25
http://www.billboard.com/charts/hot-100/1961-12-02,12/2/1961,78,LITTLE ALTAR BOY,Vic Dana,Little Altar BoyVic Dana,1,99,45,8,1961,12,2
http://www.billboard.com/charts/hot-100/1961-12-09,12/9/1961,71,JINGLE BELL ROCK,Bobby Rydell/Chubby Checker,Jingle Bell RockBobby Rydell/Chubby Checker,1,,21,7,1961,12,9
http://www.billboard.com/charts/hot-100/1961-12-09,12/9/1961,73,BABY'S FIRST CHRISTMAS,Connie Francis,Baby's First ChristmasConnie Francis,1,,26,5,1961,12,9
http://www.billboard.com/charts/hot-100/1961-12-09,12/9/1961,57,LITTLE ALTAR BOY,Vic Dana,Little Altar BoyVic Dana,1,78,45,8,1961,12,9
http://www.billboard.com/charts/hot-100/1961-12-09,12/9/1961,85,ROCKIN' AROUND THE CHRISTMAS TREE,Brenda Lee,Rockin' Around The Christmas TreeBrenda Lee,2,,14,18,1961,12,9
http://www.billboard.com/charts/hot-100/1961-12-09,12/9/1961,68,JINGLE BELL ROCK,Bobby Helms,Jingle Bell RockBobby Helms,3,,29,19,1961,12,9
http://www.billboard.com/charts/hot-100/1961-12-09,12/9/1961,66,WHITE CHRISTMAS,Bing Crosby,White ChristmasBing Crosby,4,,12,13,1961,12,9
http://www.billboard.com/charts/hot-100/1961-12-16,12/16/1961,51,LITTLE ALTAR BOY,Vic Dana,Little Altar BoyVic Dana,1,57,45,8,1961,12,16
http://www.billboard.com/charts/hot-100/1961-12-16,12/16/1961,63,THE CHIPMUNK SONG (CHRISTMAS DON'T BE LATE),David Seville And The Chipmunks,The Chipmunk Song (Christmas Don't Be Late)David Seville And The Chipmunks,3,,39,15,1961,12,16
http://www.billboard.com/charts/hot-100/1961-12-16,12/16/1961,84,ROCKIN' AROUND THE CHRISTMAS TREE,Brenda Lee,Rockin' Around The Christmas TreeBrenda Lee,2,85,14,18,1961,12,16
http://www.billboard.com/charts/hot-100/1961-12-16,12/16/1961,54,BABY'S FIRST CHRISTMAS,Connie Francis,Baby's First ChristmasConnie Francis,1,73,26,5,1961,12,16
http://www.billboard.com/charts/hot-100/1961-12-16,12/16/1961,58,JINGLE BELL ROCK,Bobby Helms,Jingle Bell RockBobby Helms,3,68,29,19,1961,12,16
http://www.billboard.com/charts/hot-100/1961-12-16,12/16/1961,45,JINGLE BELL ROCK,Bobby Rydell/Chubby Checker,Jingle Bell RockBobby Rydell/Chubby Checker,1,71,21,7,1961,12,16
http://www.billboard.com/charts/hot-100/1961-12-16,12/16/1961,33,WHITE CHRISTMAS,Bing Crosby,White ChristmasBing Crosby,4,66,12,13,1961,12,16
http://www.billboard.com/charts/hot-100/1961-12-23,12/23/1961,49,JINGLE BELL ROCK,Bobby Helms,Jingle Bell RockBobby Helms,3,58,29,19,1961,12,23
http://www.billboard.com/charts/hot-100/1961-12-23,12/23/1961,27,JINGLE BELL ROCK,Bobby Rydell/Chubby Checker,Jingle Bell RockBobby Rydell/Chubby Checker,1,45,21,7,1961,12,23
http://www.billboard.com/charts/hot-100/1961-12-23,12/23/1961,58,ROCKIN' AROUND THE CHRISTMAS TREE,Brenda Lee,Rockin' Around The Christmas TreeBrenda Lee,2,84,14,18,1961,12,23
http://www.billboard.com/charts/hot-100/1961-12-23,12/23/1961,85,PLEASE COME HOME FOR CHRISTMAS,Charles Brown,Please Come Home For ChristmasCharles Brown,1,,76,2,1961,12,23
http://www.billboard.com/charts/hot-100/1961-12-23,12/23/1961,20,WHITE CHRISTMAS,Bing Crosby,White ChristmasBing Crosby,4,33,12,13,1961,12,23
http://www.billboard.com/charts/hot-100/1961-12-23,12/23/1961,47,THE CHIPMUNK SONG (CHRISTMAS DON'T BE LATE),David Seville And The Chipmunks,The Chipmunk Song (Christmas Don't Be Late)David Seville And The Chipmunks,3,63,39,15,1961,12,23
http://www.billboard.com/charts/hot-100/1961-12-23,12/23/1961,43,BABY'S FIRST CHRISTMAS,Connie Francis,Baby's First ChristmasConnie Francis,1,54,26,5,1961,12,23
http://www.billboard.com/charts/hot-100/1961-12-23,12/23/1961,48,LITTLE ALTAR BOY,Vic Dana,Little Altar BoyVic Dana,1,51,45,8,1961,12,23
http://www.billboard.com/charts/hot-100/1961-12-30,12/30/1961,21,JINGLE BELL ROCK,Bobby Rydell/Chubby Checker,Jingle Bell RockBobby Rydell/Chubby Checker,1,27,21,7,1961,12,30
http://www.billboard.com/charts/hot-100/1961-12-30,12/30/1961,41,JINGLE BELL ROCK,Bobby Helms,Jingle Bell RockBobby Helms,3,49,29,19,1961,12,30
http://www.billboard.com/charts/hot-100/1961-12-30,12/30/1961,76,PLEASE COME HOME FOR CHRISTMAS,Charles Brown,Please Come Home For ChristmasCharles Brown,1,85,76,2,1961,12,30
http://www.billboard.com/charts/hot-100/1961-12-30,12/30/1961,50,ROCKIN' AROUND THE CHRISTMAS TREE,Brenda Lee,Rockin' Around The Christmas TreeBrenda Lee,2,58,14,18,1961,12,30
http://www.billboard.com/charts/hot-100/1961-12-30,12/30/1961,39,THE CHIPMUNK SONG (CHRISTMAS DON'T BE LATE),David Seville And The Chipmunks,The Chipmunk Song (Christmas Don't Be Late)David Seville And The Chipmunks,3,47,39,15,1961,12,30
http://www.billboard.com/charts/hot-100/1961-12-30,12/30/1961,26,BABY'S FIRST CHRISTMAS,Connie Francis,Baby's First ChristmasConnie Francis,1,43,26,5,1961,12,30
http://www.billboard.com/charts/hot-100/1961-12-30,12/30/1961,12,WHITE CHRISTMAS,Bing Crosby,White ChristmasBing Crosby,4,20,12,13,1961,12,30
http://www.billboard.com/charts/hot-100/1961-12-30,12/30/1961,45,LITTLE ALTAR BOY,Vic Dana,Little Altar BoyVic Dana,1,48,45,8,1961,12,30
http://www.billboard.com/charts/hot-100/1962-01-06,1/6/1962,39,THE CHIPMUNK SONG (CHRISTMAS DON'T BE LATE),David Seville And The Chipmunks,The Chipmunk Song (Christmas Don't Be Late)David Seville And The Chipmunks,3,47,39,15,1962,1,6
http://www.billboard.com/charts/hot-100/1962-01-06,1/6/1962,45,LITTLE ALTAR BOY,Vic Dana,Little Altar BoyVic Dana,1,48,45,8,1962,1,6
http://www.billboard.com/charts/hot-100/1962-01-06,1/6/1962,26,BABY'S FIRST CHRISTMAS,Connie Francis,Baby's First ChristmasConnie Francis,1,43,26,5,1962,1,6
http://www.billboard.com/charts/hot-100/1962-01-06,1/6/1962,21,JINGLE BELL ROCK,Bobby Rydell/Chubby Checker,Jingle Bell RockBobby Rydell/Chubby Checker,1,27,21,7,1962,1,6
http://www.billboard.com/charts/hot-100/1962-01-06,1/6/1962,50,ROCKIN' AROUND THE CHRISTMAS TREE,Brenda Lee,Rockin' Around The Christmas TreeBrenda Lee,2,58,14,18,1962,1,6
http://www.billboard.com/charts/hot-100/1962-01-06,1/6/1962,12,WHITE CHRISTMAS,Bing Crosby,White ChristmasBing Crosby,4,20,12,13,1962,1,6
http://www.billboard.com/charts/hot-100/1962-01-06,1/6/1962,41,JINGLE BELL ROCK,Bobby Helms,Jingle Bell RockBobby Helms,3,49,29,19,1962,1,6
http://www.billboard.com/charts/hot-100/1962-01-06,1/6/1962,76,PLEASE COME HOME FOR CHRISTMAS,Charles Brown,Please Come Home For ChristmasCharles Brown,1,85,76,2,1962,1,6
http://www.billboard.com/charts/hot-100/1962-01-13,1/13/1962,71,BABY'S FIRST CHRISTMAS,Connie Francis,Baby's First ChristmasConnie Francis,1,26,26,5,1962,1,13
http://www.billboard.com/charts/hot-100/1962-01-13,1/13/1962,48,LITTLE ALTAR BOY,Vic Dana,Little Altar BoyVic Dana,1,45,45,8,1962,1,13
http://www.billboard.com/charts/hot-100/1962-01-13,1/13/1962,23,JINGLE BELL ROCK,Bobby Rydell/Chubby Checker,Jingle Bell RockBobby Rydell/Chubby Checker,1,21,21,7,1962,1,13
http://www.billboard.com/charts/hot-100/1962-01-20,1/20/1962,51,LITTLE ALTAR BOY,Vic Dana,Little Altar BoyVic Dana,1,48,45,8,1962,1,20
http://www.billboard.com/charts/hot-100/1962-12-08,12/8/1962,80,MONSTERS' HOLIDAY,"Bobby ""Boris"" Pickett And The Crypt-Kickers","Monsters' HolidayBobby ""Boris"" Pickett And The Crypt-Kickers",1,,30,6,1962,12,8
http://www.billboard.com/charts/hot-100/1962-12-08,12/8/1962,92,THE CHIPMUNK SONG (CHRISTMAS DON'T BE LATE),David Seville And The Chipmunks,The Chipmunk Song (Christmas Don't Be Late)David Seville And The Chipmunks,4,,39,15,1962,12,8
http://www.billboard.com/charts/hot-100/1962-12-08,12/8/1962,99,JINGLE BELL ROCK,Bobby Helms,Jingle Bell RockBobby Helms,4,,29,19,1962,12,8
http://www.billboard.com/charts/hot-100/1962-12-15,12/15/1962,59,THE CHIPMUNK SONG (CHRISTMAS DON'T BE LATE),David Seville And The Chipmunks,The Chipmunk Song (Christmas Don't Be Late)David Seville And The Chipmunks,4,92,39,15,1962,12,15
http://www.billboard.com/charts/hot-100/1962-12-15,12/15/1962,89,ROCKIN' AROUND THE CHRISTMAS TREE,Brenda Lee,Rockin' Around The Christmas TreeBrenda Lee,3,,14,18,1962,12,15
http://www.billboard.com/charts/hot-100/1962-12-15,12/15/1962,75,THE CHRISTMAS SONG (MERRY CHRISTMAS TO YOU),Nat King Cole,The Christmas Song (Merry Christmas To You)Nat King Cole,2,,38,8,1962,12,15
http://www.billboard.com/charts/hot-100/1962-12-15,12/15/1962,70,WHITE CHRISTMAS,Bing Crosby,White ChristmasBing Crosby,5,,12,13,1962,12,15
http://www.billboard.com/charts/hot-100/1962-12-15,12/15/1962,77,SANTA CLAUS IS WATCHING YOU,Ray Stevens,Santa Claus Is Watching YouRay Stevens,1,,45,3,1962,12,15
http://www.billboard.com/charts/hot-100/1962-12-15,12/15/1962,57,MONSTERS' HOLIDAY,"Bobby ""Boris"" Pickett And The Crypt-Kickers","Monsters' HolidayBobby ""Boris"" Pickett And The Crypt-Kickers",1,80,30,6,1962,12,15
http://www.billboard.com/charts/hot-100/1962-12-15,12/15/1962,87,JINGLE BELL ROCK,Bobby Helms,Jingle Bell RockBobby Helms,4,99,29,19,1962,12,15
http://www.billboard.com/charts/hot-100/1962-12-15,12/15/1962,97,JINGLE BELL ROCK,Bobby Rydell/Chubby Checker,Jingle Bell RockBobby Rydell/Chubby Checker,2,,21,7,1962,12,15
http://www.billboard.com/charts/hot-100/1962-12-22,12/22/1962,55,SANTA CLAUS IS WATCHING YOU,Ray Stevens,Santa Claus Is Watching YouRay Stevens,1,77,45,3,1962,12,22
http://www.billboard.com/charts/hot-100/1962-12-22,12/22/1962,92,JINGLE BELL ROCK,Bobby Rydell/Chubby Checker,Jingle Bell RockBobby Rydell/Chubby Checker,2,97,21,7,1962,12,22
http://www.billboard.com/charts/hot-100/1962-12-22,12/22/1962,59,JINGLE BELL ROCK,Bobby Helms,Jingle Bell RockBobby Helms,4,87,29,19,1962,12,22
http://www.billboard.com/charts/hot-100/1962-12-22,12/22/1962,67,THE CHRISTMAS SONG (MERRY CHRISTMAS TO YOU),Nat King Cole,The Christmas Song (Merry Christmas To You)Nat King Cole,2,75,38,8,1962,12,22
http://www.billboard.com/charts/hot-100/1962-12-22,12/22/1962,64,ROCKIN' AROUND THE CHRISTMAS TREE,Brenda Lee,Rockin' Around The Christmas TreeBrenda Lee,3,89,14,18,1962,12,22
http://www.billboard.com/charts/hot-100/1962-12-22,12/22/1962,47,THE CHIPMUNK SONG (CHRISTMAS DON'T BE LATE),David Seville And The Chipmunks,The Chipmunk Song (Christmas Don't Be Late)David Seville And The Chipmunks,4,59,39,15,1962,12,22
http://www.billboard.com/charts/hot-100/1962-12-22,12/22/1962,40,MONSTERS' HOLIDAY,"Bobby ""Boris"" Pickett And The Crypt-Kickers","Monsters' HolidayBobby ""Boris"" Pickett And The Crypt-Kickers",1,57,30,6,1962,12,22
http://www.billboard.com/charts/hot-100/1962-12-22,12/22/1962,88,WHITE CHRISTMAS,The Drifters Featuring Clyde McPhatter And Bill Pinkney,White ChristmasThe Drifters Featuring Clyde McPhatter And Bill Pinkney,2,,88,2,1962,12,22
http://www.billboard.com/charts/hot-100/1962-12-22,12/22/1962,46,WHITE CHRISTMAS,Bing Crosby,White ChristmasBing Crosby,5,70,12,13,1962,12,22
http://www.billboard.com/charts/hot-100/1962-12-29,12/29/1962,38,WHITE CHRISTMAS,Bing Crosby,White ChristmasBing Crosby,5,46,12,13,1962,12,29
http://www.billboard.com/charts/hot-100/1962-12-29,12/29/1962,31,MONSTERS' HOLIDAY,"Bobby ""Boris"" Pickett And The Crypt-Kickers","Monsters' HolidayBobby ""Boris"" Pickett And The Crypt-Kickers",1,40,30,6,1962,12,29
http://www.billboard.com/charts/hot-100/1962-12-29,12/29/1962,45,SANTA CLAUS IS WATCHING YOU,Ray Stevens,Santa Claus Is Watching YouRay Stevens,1,55,45,3,1962,12,29
http://www.billboard.com/charts/hot-100/1962-12-29,12/29/1962,56,JINGLE BELL ROCK,Bobby Helms,Jingle Bell RockBobby Helms,4,59,29,19,1962,12,29
http://www.billboard.com/charts/hot-100/1962-12-29,12/29/1962,65,THE CHRISTMAS SONG (MERRY CHRISTMAS TO YOU),Nat King Cole,The Christmas Song (Merry Christmas To You)Nat King Cole,2,67,38,8,1962,12,29
http://www.billboard.com/charts/hot-100/1962-12-29,12/29/1962,40,THE CHIPMUNK SONG (CHRISTMAS DON'T BE LATE),David Seville And The Chipmunks,The Chipmunk Song (Christmas Don't Be Late)David Seville And The Chipmunks,4,47,39,15,1962,12,29
http://www.billboard.com/charts/hot-100/1962-12-29,12/29/1962,59,ROCKIN' AROUND THE CHRISTMAS TREE,Brenda Lee,Rockin' Around The Christmas TreeBrenda Lee,3,64,14,18,1962,12,29
http://www.billboard.com/charts/hot-100/1963-01-05,1/5/1963,30,MONSTERS' HOLIDAY,"Bobby ""Boris"" Pickett And The Crypt-Kickers","Monsters' HolidayBobby ""Boris"" Pickett And The Crypt-Kickers",1,31,30,6,1963,1,5
http://www.billboard.com/charts/hot-100/1963-01-12,1/12/1963,39,MONSTERS' HOLIDAY,"Bobby ""Boris"" Pickett And The Crypt-Kickers","Monsters' HolidayBobby ""Boris"" Pickett And The Crypt-Kickers",1,30,30,6,1963,1,12
http://www.billboard.com/charts/hot-100/1963-11-30,11/30/1963,87,THE MARVELOUS TOY,The Chad Mitchell Trio,The Marvelous ToyThe Chad Mitchell Trio,1,,43,9,1963,11,30
http://www.billboard.com/charts/hot-100/1963-12-07,12/7/1963,77,THE MARVELOUS TOY,The Chad Mitchell Trio,The Marvelous ToyThe Chad Mitchell Trio,1,87,43,9,1963,12,7
http://www.billboard.com/charts/hot-100/1963-12-14,12/14/1963,60,PRETTY PAPER,Roy Orbison,Pretty PaperRoy Orbison,1,,15,7,1963,12,14
http://www.billboard.com/charts/hot-100/1963-12-14,12/14/1963,73,THE MARVELOUS TOY,The Chad Mitchell Trio,The Marvelous ToyThe Chad Mitchell Trio,1,77,43,9,1963,12,14
http://www.billboard.com/charts/hot-100/1963-12-21,12/21/1963,33,PRETTY PAPER,Roy Orbison,Pretty PaperRoy Orbison,1,60,15,7,1963,12,21
http://www.billboard.com/charts/hot-100/1963-12-21,12/21/1963,65,THE MARVELOUS TOY,The Chad Mitchell Trio,The Marvelous ToyThe Chad Mitchell Trio,1,73,43,9,1963,12,21
http://www.billboard.com/charts/hot-100/1963-12-28,12/28/1963,56,THE MARVELOUS TOY,The Chad Mitchell Trio,The Marvelous ToyThe Chad Mitchell Trio,1,65,43,9,1963,12,28
http://www.billboard.com/charts/hot-100/1963-12-28,12/28/1963,19,PRETTY PAPER,Roy Orbison,Pretty PaperRoy Orbison,1,33,15,7,1963,12,28
http://www.billboard.com/charts/hot-100/1964-01-04,1/4/1964,16,PRETTY PAPER,Roy Orbison,Pretty PaperRoy Orbison,1,19,15,7,1964,1,4
http://www.billboard.com/charts/hot-100/1964-01-04,1/4/1964,47,THE MARVELOUS TOY,The Chad Mitchell Trio,The Marvelous ToyThe Chad Mitchell Trio,1,56,43,9,1964,1,4
http://www.billboard.com/charts/hot-100/1964-01-11,1/11/1964,15,PRETTY PAPER,Roy Orbison,Pretty PaperRoy Orbison,1,16,15,7,1964,1,11
http://www.billboard.com/charts/hot-100/1964-01-11,1/11/1964,46,THE MARVELOUS TOY,The Chad Mitchell Trio,The Marvelous ToyThe Chad Mitchell Trio,1,47,43,9,1964,1,11
http://www.billboard.com/charts/hot-100/1964-01-18,1/18/1964,26,PRETTY PAPER,Roy Orbison,Pretty PaperRoy Orbison,1,15,15,7,1964,1,18
http://www.billboard.com/charts/hot-100/1964-01-18,1/18/1964,43,THE MARVELOUS TOY,The Chad Mitchell Trio,The Marvelous ToyThe Chad Mitchell Trio,1,46,43,9,1964,1,18
http://www.billboard.com/charts/hot-100/1964-01-25,1/25/1964,53,THE MARVELOUS TOY,The Chad Mitchell Trio,The Marvelous ToyThe Chad Mitchell Trio,1,43,43,9,1964,1,25
http://www.billboard.com/charts/hot-100/1964-01-25,1/25/1964,43,PRETTY PAPER,Roy Orbison,Pretty PaperRoy Orbison,1,26,15,7,1964,1,25
http://www.billboard.com/charts/hot-100/1964-11-21,11/21/1964,96,AMEN,The Impressions,AmenThe Impressions,1,,7,11,1964,11,21
http://www.billboard.com/charts/hot-100/1964-11-28,11/28/1964,59,AMEN,The Impressions,AmenThe Impressions,1,96,7,11,1964,11,28
http://www.billboard.com/charts/hot-100/1964-12-05,12/5/1964,43,AMEN,The Impressions,AmenThe Impressions,1,59,7,11,1964,12,5
http://www.billboard.com/charts/hot-100/1964-12-12,12/12/1964,30,AMEN,The Impressions,AmenThe Impressions,1,43,7,11,1964,12,12
http://www.billboard.com/charts/hot-100/1964-12-19,12/19/1964,24,AMEN,The Impressions,AmenThe Impressions,1,30,7,11,1964,12,19
http://www.billboard.com/charts/hot-100/1964-12-26,12/26/1964,12,AMEN,The Impressions,AmenThe Impressions,1,24,7,11,1964,12,26
http://www.billboard.com/charts/hot-100/1965-01-02,1/2/1965,8,AMEN,The Impressions,AmenThe Impressions,1,12,7,11,1965,1,2
http://www.billboard.com/charts/hot-100/1965-01-09,1/9/1965,7,AMEN,The Impressions,AmenThe Impressions,1,8,7,11,1965,1,9
http://www.billboard.com/charts/hot-100/1965-01-16,1/16/1965,11,AMEN,The Impressions,AmenThe Impressions,1,7,7,11,1965,1,16
http://www.billboard.com/charts/hot-100/1965-01-23,1/23/1965,17,AMEN,The Impressions,AmenThe Impressions,1,11,7,11,1965,1,23
http://www.billboard.com/charts/hot-100/1965-01-30,1/30/1965,43,AMEN,The Impressions,AmenThe Impressions,1,17,7,11,1965,1,30
http://www.billboard.com/charts/hot-100/1966-12-03,12/3/1966,99,I'LL BE HOME,The Platters,I'll Be HomeThe Platters,1,,97,2,1966,12,3
http://www.billboard.com/charts/hot-100/1966-12-10,12/10/1966,97,I'LL BE HOME,The Platters,I'll Be HomeThe Platters,1,99,97,2,1966,12,10
http://www.billboard.com/charts/hot-100/1968-12-14,12/14/1968,75,MY FAVORITE THINGS,Herb Alpert & The Tijuana Brass,My Favorite ThingsHerb Alpert & The Tijuana Brass,1,,45,6,1968,12,14
http://www.billboard.com/charts/hot-100/1968-12-21,12/21/1968,47,MY FAVORITE THINGS,Herb Alpert & The Tijuana Brass,My Favorite ThingsHerb Alpert & The Tijuana Brass,1,75,45,6,1968,12,21
http://www.billboard.com/charts/hot-100/1968-12-28,12/28/1968,47,MY FAVORITE THINGS,Herb Alpert & The Tijuana Brass,My Favorite ThingsHerb Alpert & The Tijuana Brass,1,47,45,6,1968,12,28
http://www.billboard.com/charts/hot-100/1969-01-04,1/4/1969,46,MY FAVORITE THINGS,Herb Alpert & The Tijuana Brass,My Favorite ThingsHerb Alpert & The Tijuana Brass,1,47,45,6,1969,1,4
http://www.billboard.com/charts/hot-100/1969-01-11,1/11/1969,45,MY FAVORITE THINGS,Herb Alpert & The Tijuana Brass,My Favorite ThingsHerb Alpert & The Tijuana Brass,1,46,45,6,1969,1,11
http://www.billboard.com/charts/hot-100/1969-01-18,1/18/1969,54,MY FAVORITE THINGS,Herb Alpert & The Tijuana Brass,My Favorite ThingsHerb Alpert & The Tijuana Brass,1,45,45,6,1969,1,18
http://www.billboard.com/charts/hot-100/1969-12-06,12/6/1969,84,WINTER WORLD OF LOVE,Engelbert Humperdinck,Winter World Of LoveEngelbert Humperdinck,1,,16,12,1969,12,6
http://www.billboard.com/charts/hot-100/1969-12-13,12/13/1969,71,WINTER WORLD OF LOVE,Engelbert Humperdinck,Winter World Of LoveEngelbert Humperdinck,1,84,16,12,1969,12,13
http://www.billboard.com/charts/hot-100/1969-12-20,12/20/1969,48,WINTER WORLD OF LOVE,Engelbert Humperdinck,Winter World Of LoveEngelbert Humperdinck,1,71,16,12,1969,12,20
http://www.billboard.com/charts/hot-100/1969-12-27,12/27/1969,41,WINTER WORLD OF LOVE,Engelbert Humperdinck,Winter World Of LoveEngelbert Humperdinck,1,48,16,12,1969,12,27
http://www.billboard.com/charts/hot-100/1970-01-03,1/3/1970,35,WINTER WORLD OF LOVE,Engelbert Humperdinck,Winter World Of LoveEngelbert Humperdinck,1,41,16,12,1970,1,3
http://www.billboard.com/charts/hot-100/1970-01-10,1/10/1970,31,WINTER WORLD OF LOVE,Engelbert Humperdinck,Winter World Of LoveEngelbert Humperdinck,1,35,16,12,1970,1,10
http://www.billboard.com/charts/hot-100/1970-01-17,1/17/1970,23,WINTER WORLD OF LOVE,Engelbert Humperdinck,Winter World Of LoveEngelbert Humperdinck,1,31,16,12,1970,1,17
http://www.billboard.com/charts/hot-100/1970-01-24,1/24/1970,17,WINTER WORLD OF LOVE,Engelbert Humperdinck,Winter World Of LoveEngelbert Humperdinck,1,23,16,12,1970,1,24
http://www.billboard.com/charts/hot-100/1970-01-31,1/31/1970,16,WINTER WORLD OF LOVE,Engelbert Humperdinck,Winter World Of LoveEngelbert Humperdinck,1,17,16,12,1970,1,31
http://www.billboard.com/charts/hot-100/1973-11-24,11/24/1973,97,IF WE MAKE IT THROUGH DECEMBER,Merle Haggard,If We Make It Through DecemberMerle Haggard,1,,28,11,1973,11,24
http://www.billboard.com/charts/hot-100/1973-12-01,12/1/1973,92,IF WE MAKE IT THROUGH DECEMBER,Merle Haggard,If We Make It Through DecemberMerle Haggard,1,97,28,11,1973,12,1
http://www.billboard.com/charts/hot-100/1973-12-08,12/8/1973,82,IF WE MAKE IT THROUGH DECEMBER,Merle Haggard,If We Make It Through DecemberMerle Haggard,1,92,28,11,1973,12,8
http://www.billboard.com/charts/hot-100/1973-12-15,12/15/1973,69,IF WE MAKE IT THROUGH DECEMBER,Merle Haggard,If We Make It Through DecemberMerle Haggard,1,82,28,11,1973,12,15
http://www.billboard.com/charts/hot-100/1973-12-22,12/22/1973,65,IF WE MAKE IT THROUGH DECEMBER,Merle Haggard,If We Make It Through DecemberMerle Haggard,1,69,28,11,1973,12,22
http://www.billboard.com/charts/hot-100/1973-12-29,12/29/1973,77,IT DOESN'T HAVE TO BE THAT WAY,Jim Croce,It Doesn't Have To Be That WayJim Croce,1,,64,5,1973,12,29
http://www.billboard.com/charts/hot-100/1973-12-29,12/29/1973,50,IF WE MAKE IT THROUGH DECEMBER,Merle Haggard,If We Make It Through DecemberMerle Haggard,1,65,28,11,1973,12,29
http://www.billboard.com/charts/hot-100/1974-01-05,1/5/1974,71,IT DOESN'T HAVE TO BE THAT WAY,Jim Croce,It Doesn't Have To Be That WayJim Croce,1,77,64,5,1974,1,5
http://www.billboard.com/charts/hot-100/1974-01-05,1/5/1974,40,IF WE MAKE IT THROUGH DECEMBER,Merle Haggard,If We Make It Through DecemberMerle Haggard,1,50,28,11,1974,1,5
http://www.billboard.com/charts/hot-100/1974-01-12,1/12/1974,32,IF WE MAKE IT THROUGH DECEMBER,Merle Haggard,If We Make It Through DecemberMerle Haggard,1,40,28,11,1974,1,12
http://www.billboard.com/charts/hot-100/1974-01-12,1/12/1974,66,IT DOESN'T HAVE TO BE THAT WAY,Jim Croce,It Doesn't Have To Be That WayJim Croce,1,71,64,5,1974,1,12
http://www.billboard.com/charts/hot-100/1974-01-19,1/19/1974,64,IT DOESN'T HAVE TO BE THAT WAY,Jim Croce,It Doesn't Have To Be That WayJim Croce,1,66,64,5,1974,1,19
http://www.billboard.com/charts/hot-100/1974-01-19,1/19/1974,28,IF WE MAKE IT THROUGH DECEMBER,Merle Haggard,If We Make It Through DecemberMerle Haggard,1,32,28,11,1974,1,19
http://www.billboard.com/charts/hot-100/1974-01-26,1/26/1974,79,IT DOESN'T HAVE TO BE THAT WAY,Jim Croce,It Doesn't Have To Be That WayJim Croce,1,64,64,5,1974,1,26
http://www.billboard.com/charts/hot-100/1974-01-26,1/26/1974,41,IF WE MAKE IT THROUGH DECEMBER,Merle Haggard,If We Make It Through DecemberMerle Haggard,1,28,28,11,1974,1,26
http://www.billboard.com/charts/hot-100/1974-12-14,12/14/1974,97,WHEN A CHILD IS BORN,Michael Holm,When A Child Is BornMichael Holm,1,,53,7,1974,12,14
http://www.billboard.com/charts/hot-100/1974-12-21,12/21/1974,84,WHEN A CHILD IS BORN,Michael Holm,When A Child Is BornMichael Holm,1,97,53,7,1974,12,21
http://www.billboard.com/charts/hot-100/1974-12-21,12/21/1974,97,CHRISTMAS DREAM,Perry Como,Christmas DreamPerry Como,1,,92,2,1974,12,21
http://www.billboard.com/charts/hot-100/1974-12-28,12/28/1974,92,CHRISTMAS DREAM,Perry Como,Christmas DreamPerry Como,1,97,92,2,1974,12,28
http://www.billboard.com/charts/hot-100/1974-12-28,12/28/1974,73,WHEN A CHILD IS BORN,Michael Holm,When A Child Is BornMichael Holm,1,84,53,7,1974,12,28
http://www.billboard.com/charts/hot-100/1975-01-04,1/4/1975,73,WHEN A CHILD IS BORN,Michael Holm,When A Child Is BornMichael Holm,1,73,53,7,1975,1,4
http://www.billboard.com/charts/hot-100/1975-01-11,1/11/1975,68,WHEN A CHILD IS BORN,Michael Holm,When A Child Is BornMichael Holm,1,73,53,7,1975,1,11
http://www.billboard.com/charts/hot-100/1975-01-18,1/18/1975,60,WHEN A CHILD IS BORN,Michael Holm,When A Child Is BornMichael Holm,1,68,53,7,1975,1,18
http://www.billboard.com/charts/hot-100/1975-01-25,1/25/1975,53,WHEN A CHILD IS BORN,Michael Holm,When A Child Is BornMichael Holm,1,60,53,7,1975,1,25
http://www.billboard.com/charts/hot-100/1975-12-13,12/13/1975,84,CHRISTMAS FOR COWBOYS,John Denver,Christmas For CowboysJohn Denver,1,,58,4,1975,12,13
http://www.billboard.com/charts/hot-100/1975-12-20,12/20/1975,99,I BELIEVE IN FATHER CHRISTMAS,Greg Lake,I Believe In Father ChristmasGreg Lake,1,,95,3,1975,12,20
http://www.billboard.com/charts/hot-100/1975-12-20,12/20/1975,73,CHRISTMAS FOR COWBOYS,John Denver,Christmas For CowboysJohn Denver,1,84,58,4,1975,12,20
http://www.billboard.com/charts/hot-100/1975-12-27,12/27/1975,99,I BELIEVE IN FATHER CHRISTMAS,Greg Lake,I Believe In Father ChristmasGreg Lake,1,99,95,3,1975,12,27
http://www.billboard.com/charts/hot-100/1975-12-27,12/27/1975,63,CHRISTMAS FOR COWBOYS,John Denver,Christmas For CowboysJohn Denver,1,73,58,4,1975,12,27
http://www.billboard.com/charts/hot-100/1976-01-03,1/3/1976,58,CHRISTMAS FOR COWBOYS,John Denver,Christmas For CowboysJohn Denver,1,63,58,4,1976,1,3
http://www.billboard.com/charts/hot-100/1976-01-03,1/3/1976,95,I BELIEVE IN FATHER CHRISTMAS,Greg Lake,I Believe In Father ChristmasGreg Lake,1,99,95,3,1976,1,3
http://www.billboard.com/charts/hot-100/1978-12-09,12/9/1978,78,PLEASE COME HOME FOR CHRISTMAS,Eagles,Please Come Home For ChristmasEagles,1,,18,8,1978,12,9
http://www.billboard.com/charts/hot-100/1978-12-16,12/16/1978,45,PLEASE COME HOME FOR CHRISTMAS,Eagles,Please Come Home For ChristmasEagles,1,78,18,8,1978,12,16
http://www.billboard.com/charts/hot-100/1978-12-23,12/23/1978,20,PLEASE COME HOME FOR CHRISTMAS,Eagles,Please Come Home For ChristmasEagles,1,45,18,8,1978,12,23
http://www.billboard.com/charts/hot-100/1978-12-30,12/30/1978,20,PLEASE COME HOME FOR CHRISTMAS,Eagles,Please Come Home For ChristmasEagles,1,20,18,8,1978,12,30
http://www.billboard.com/charts/hot-100/1979-01-06,1/6/1979,18,PLEASE COME HOME FOR CHRISTMAS,Eagles,Please Come Home For ChristmasEagles,1,20,18,8,1979,1,6
http://www.billboard.com/charts/hot-100/1979-01-13,1/13/1979,18,PLEASE COME HOME FOR CHRISTMAS,Eagles,Please Come Home For ChristmasEagles,1,18,18,8,1979,1,13
http://www.billboard.com/charts/hot-100/1979-01-20,1/20/1979,26,PLEASE COME HOME FOR CHRISTMAS,Eagles,Please Come Home For ChristmasEagles,1,18,18,8,1979,1,20
http://www.billboard.com/charts/hot-100/1979-01-27,1/27/1979,51,PLEASE COME HOME FOR CHRISTMAS,Eagles,Please Come Home For ChristmasEagles,1,26,18,8,1979,1,27
http://www.billboard.com/charts/hot-100/1980-12-13,12/13/1980,75,SAME OLD LANG SYNE,Dan Fogelberg,Same Old Lang SyneDan Fogelberg,1,,9,18,1980,12,13
http://www.billboard.com/charts/hot-100/1980-12-13,12/13/1980,91,WHAT CAN YOU GET A WOOKIEE FOR CHRISTMAS (WHEN HE ALREADY OWNS A COMB?),The Star Wars Intergalactic Droid Choir & Chorale,What Can You Get A Wookiee For Christmas (When He Already Owns A Comb?)The Star Wars Intergalactic Droid Choir & Chorale,1,,69,6,1980,12,13
http://www.billboard.com/charts/hot-100/1980-12-20,12/20/1980,59,SAME OLD LANG SYNE,Dan Fogelberg,Same Old Lang SyneDan Fogelberg,1,75,9,18,1980,12,20
http://www.billboard.com/charts/hot-100/1980-12-20,12/20/1980,81,WHAT CAN YOU GET A WOOKIEE FOR CHRISTMAS (WHEN HE ALREADY OWNS A COMB?),The Star Wars Intergalactic Droid Choir & Chorale,What Can You Get A Wookiee For Christmas (When He Already Owns A Comb?)The Star Wars Intergalactic Droid Choir & Chorale,1,91,69,6,1980,12,20
http://www.billboard.com/charts/hot-100/1980-12-27,12/27/1980,69,WHAT CAN YOU GET A WOOKIEE FOR CHRISTMAS (WHEN HE ALREADY OWNS A COMB?),The Star Wars Intergalactic Droid Choir & Chorale,What Can You Get A Wookiee For Christmas (When He Already Owns A Comb?)The Star Wars Intergalactic Droid Choir & Chorale,1,81,69,6,1980,12,27
http://www.billboard.com/charts/hot-100/1980-12-27,12/27/1980,37,SAME OLD LANG SYNE,Dan Fogelberg,Same Old Lang SyneDan Fogelberg,1,59,9,18,1980,12,27
http://www.billboard.com/charts/hot-100/1980-12-27,12/27/1980,82,MERRY CHRISTMAS IN THE NFL,"Willis ""The Guard"" & Vigorish","Merry Christmas In The NFLWillis ""The Guard"" & Vigorish",1,,82,3,1980,12,27
http://www.billboard.com/charts/hot-100/1981-01-03,1/3/1981,69,WHAT CAN YOU GET A WOOKIEE FOR CHRISTMAS (WHEN HE ALREADY OWNS A COMB?),The Star Wars Intergalactic Droid Choir & Chorale,What Can You Get A Wookiee For Christmas (When He Already Owns A Comb?)The Star Wars Intergalactic Droid Choir & Chorale,1,69,69,6,1981,1,3
http://www.billboard.com/charts/hot-100/1981-01-03,1/3/1981,82,MERRY CHRISTMAS IN THE NFL,"Willis ""The Guard"" & Vigorish","Merry Christmas In The NFLWillis ""The Guard"" & Vigorish",1,82,82,3,1981,1,3
http://www.billboard.com/charts/hot-100/1981-01-03,1/3/1981,37,SAME OLD LANG SYNE,Dan Fogelberg,Same Old Lang SyneDan Fogelberg,1,37,9,18,1981,1,3
http://www.billboard.com/charts/hot-100/1981-01-10,1/10/1981,69,WHAT CAN YOU GET A WOOKIEE FOR CHRISTMAS (WHEN HE ALREADY OWNS A COMB?),The Star Wars Intergalactic Droid Choir & Chorale,What Can You Get A Wookiee For Christmas (When He Already Owns A Comb?)The Star Wars Intergalactic Droid Choir & Chorale,1,69,69,6,1981,1,10
http://www.billboard.com/charts/hot-100/1981-01-10,1/10/1981,82,MERRY CHRISTMAS IN THE NFL,"Willis ""The Guard"" & Vigorish","Merry Christmas In The NFLWillis ""The Guard"" & Vigorish",1,82,82,3,1981,1,10
http://www.billboard.com/charts/hot-100/1981-01-10,1/10/1981,31,SAME OLD LANG SYNE,Dan Fogelberg,Same Old Lang SyneDan Fogelberg,1,37,9,18,1981,1,10
http://www.billboard.com/charts/hot-100/1981-01-17,1/17/1981,91,WHAT CAN YOU GET A WOOKIEE FOR CHRISTMAS (WHEN HE ALREADY OWNS A COMB?),The Star Wars Intergalactic Droid Choir & Chorale,What Can You Get A Wookiee For Christmas (When He Already Owns A Comb?)The Star Wars Intergalactic Droid Choir & Chorale,1,69,69,6,1981,1,17
http://www.billboard.com/charts/hot-100/1981-01-17,1/17/1981,26,SAME OLD LANG SYNE,Dan Fogelberg,Same Old Lang SyneDan Fogelberg,1,31,9,18,1981,1,17
http://www.billboard.com/charts/hot-100/1981-01-24,1/24/1981,19,SAME OLD LANG SYNE,Dan Fogelberg,Same Old Lang SyneDan Fogelberg,1,26,9,18,1981,1,24
http://www.billboard.com/charts/hot-100/1981-01-31,1/31/1981,14,SAME OLD LANG SYNE,Dan Fogelberg,Same Old Lang SyneDan Fogelberg,1,19,9,18,1981,1,31
http://www.billboard.com/charts/hot-100/1984-12-22,12/22/1984,83,THE GREATEST GIFT OF ALL,Kenny Rogers,The Greatest Gift Of AllKenny Rogers,1,,81,4,1984,12,22
http://www.billboard.com/charts/hot-100/1984-12-22,12/22/1984,65,DO THEY KNOW IT'S CHRISTMAS?,Band-Aid,Do They Know It's Christmas?Band-Aid,1,,13,9,1984,12,22
http://www.billboard.com/charts/hot-100/1984-12-29,12/29/1984,83,THE GREATEST GIFT OF ALL,Kenny Rogers,The Greatest Gift Of AllKenny Rogers,1,83,81,4,1984,12,29
http://www.billboard.com/charts/hot-100/1984-12-29,12/29/1984,65,DO THEY KNOW IT'S CHRISTMAS?,Band-Aid,Do They Know It's Christmas?Band-Aid,1,65,13,9,1984,12,29
http://www.billboard.com/charts/hot-100/1985-01-05,1/5/1985,81,THE GREATEST GIFT OF ALL,Kenny Rogers,The Greatest Gift Of AllKenny Rogers,1,83,81,4,1985,1,5
http://www.billboard.com/charts/hot-100/1985-01-05,1/5/1985,20,DO THEY KNOW IT'S CHRISTMAS?,Band-Aid,Do They Know It's Christmas?Band-Aid,1,65,13,9,1985,1,5
http://www.billboard.com/charts/hot-100/1985-01-12,1/12/1985,15,DO THEY KNOW IT'S CHRISTMAS?,Band-Aid,Do They Know It's Christmas?Band-Aid,1,20,13,9,1985,1,12
http://www.billboard.com/charts/hot-100/1985-01-12,1/12/1985,81,THE GREATEST GIFT OF ALL,Kenny Rogers,The Greatest Gift Of AllKenny Rogers,1,81,81,4,1985,1,12
http://www.billboard.com/charts/hot-100/1985-01-19,1/19/1985,13,DO THEY KNOW IT'S CHRISTMAS?,Band-Aid,Do They Know It's Christmas?Band-Aid,1,15,13,9,1985,1,19
http://www.billboard.com/charts/hot-100/1985-01-26,1/26/1985,17,DO THEY KNOW IT'S CHRISTMAS?,Band-Aid,Do They Know It's Christmas?Band-Aid,1,13,13,9,1985,1,26
http://www.billboard.com/charts/hot-100/1989-11-11,11/11/1989,82,THIS ONE'S FOR THE CHILDREN,New Kids On The Block,This One's For The ChildrenNew Kids On The Block,1,,7,16,1989,11,11
http://www.billboard.com/charts/hot-100/1989-11-18,11/18/1989,49,THIS ONE'S FOR THE CHILDREN,New Kids On The Block,This One's For The ChildrenNew Kids On The Block,1,82,7,16,1989,11,18
http://www.billboard.com/charts/hot-100/1989-11-25,11/25/1989,37,THIS ONE'S FOR THE CHILDREN,New Kids On The Block,This One's For The ChildrenNew Kids On The Block,1,49,7,16,1989,11,25
http://www.billboard.com/charts/hot-100/1989-12-02,12/2/1989,28,THIS ONE'S FOR THE CHILDREN,New Kids On The Block,This One's For The ChildrenNew Kids On The Block,1,37,7,16,1989,12,2
http://www.billboard.com/charts/hot-100/1989-12-09,12/9/1989,22,THIS ONE'S FOR THE CHILDREN,New Kids On The Block,This One's For The ChildrenNew Kids On The Block,1,28,7,16,1989,12,9
http://www.billboard.com/charts/hot-100/1989-12-16,12/16/1989,13,THIS ONE'S FOR THE CHILDREN,New Kids On The Block,This One's For The ChildrenNew Kids On The Block,1,22,7,16,1989,12,16
http://www.billboard.com/charts/hot-100/1989-12-23,12/23/1989,9,THIS ONE'S FOR THE CHILDREN,New Kids On The Block,This One's For The ChildrenNew Kids On The Block,1,13,7,16,1989,12,23
http://www.billboard.com/charts/hot-100/1989-12-30,12/30/1989,9,THIS ONE'S FOR THE CHILDREN,New Kids On The Block,This One's For The ChildrenNew Kids On The Block,1,9,7,16,1989,12,30
http://www.billboard.com/charts/hot-100/1990-01-06,1/6/1990,7,THIS ONE'S FOR THE CHILDREN,New Kids On The Block,This One's For The ChildrenNew Kids On The Block,1,9,7,16,1990,1,6
http://www.billboard.com/charts/hot-100/1990-01-13,1/13/1990,7,THIS ONE'S FOR THE CHILDREN,New Kids On The Block,This One's For The ChildrenNew Kids On The Block,1,7,7,16,1990,1,13
http://www.billboard.com/charts/hot-100/1990-01-20,1/20/1990,17,THIS ONE'S FOR THE CHILDREN,New Kids On The Block,This One's For The ChildrenNew Kids On The Block,1,7,7,16,1990,1,20
http://www.billboard.com/charts/hot-100/1990-01-27,1/27/1990,35,THIS ONE'S FOR THE CHILDREN,New Kids On The Block,This One's For The ChildrenNew Kids On The Block,1,17,7,16,1990,1,27
http://www.billboard.com/charts/hot-100/1993-12-11,12/11/1993,66,LET IT SNOW,Boyz II Men,Let It SnowBoyz II Men,1,,32,7,1993,12,11
http://www.billboard.com/charts/hot-100/1993-12-18,12/18/1993,65,LET IT SNOW,Boyz II Men,Let It SnowBoyz II Men,1,66,32,7,1993,12,18
http://www.billboard.com/charts/hot-100/1993-12-25,12/25/1993,53,LET IT SNOW,Boyz II Men,Let It SnowBoyz II Men,1,65,32,7,1993,12,25
http://www.billboard.com/charts/hot-100/1994-01-01,1/1/1994,43,LET IT SNOW,Boyz II Men,Let It SnowBoyz II Men,1,53,32,7,1994,1,1
http://www.billboard.com/charts/hot-100/1994-01-08,1/8/1994,32,LET IT SNOW,Boyz II Men,Let It SnowBoyz II Men,1,43,32,7,1994,1,8
http://www.billboard.com/charts/hot-100/1994-01-15,1/15/1994,60,LET IT SNOW,Boyz II Men,Let It SnowBoyz II Men,1,32,32,7,1994,1,15
http://www.billboard.com/charts/hot-100/1994-01-22,1/22/1994,87,LET IT SNOW,Boyz II Men,Let It SnowBoyz II Men,1,60,32,7,1994,1,22
http://www.billboard.com/charts/hot-100/1995-01-07,1/7/1995,91,THE SANTA CLAUS BOOGIE,The Tractors,The Santa Claus BoogieThe Tractors,1,,91,1,1995,1,7
http://www.billboard.com/charts/hot-100/1996-12-21,12/21/1996,83,MACARENA CHRISTMAS,Los Del Rio,Macarena ChristmasLos Del Rio,1,,57,4,1996,12,21
http://www.billboard.com/charts/hot-100/1996-12-28,12/28/1996,66,MACARENA CHRISTMAS,Los Del Rio,Macarena ChristmasLos Del Rio,1,83,57,4,1996,12,28
http://www.billboard.com/charts/hot-100/1997-01-04,1/4/1997,57,MACARENA CHRISTMAS,Los Del Rio,Macarena ChristmasLos Del Rio,1,66,57,4,1997,1,4
http://www.billboard.com/charts/hot-100/1997-01-11,1/11/1997,80,MACARENA CHRISTMAS,Los Del Rio,Macarena ChristmasLos Del Rio,1,57,57,4,1997,1,11
http://www.billboard.com/charts/hot-100/1997-12-27,12/27/1997,67,SANTA'S A FAT BITCH,Insane Clown Posse,Santa's A Fat BitchInsane Clown Posse,1,,67,5,1997,12,27
http://www.billboard.com/charts/hot-100/1998-01-03,1/3/1998,67,SANTA'S A FAT BITCH,Insane Clown Posse,Santa's A Fat BitchInsane Clown Posse,1,67,67,5,1998,1,3
http://www.billboard.com/charts/hot-100/1998-01-10,1/10/1998,74,SANTA'S A FAT BITCH,Insane Clown Posse,Santa's A Fat BitchInsane Clown Posse,1,67,67,5,1998,1,10
http://www.billboard.com/charts/hot-100/1998-01-10,1/10/1998,87,GRANDMA GOT RUN OVER BY A REINDEER,Elmo & Patsy,Grandma Got Run Over By A ReindeerElmo & Patsy,1,,87,1,1998,1,10
http://www.billboard.com/charts/hot-100/1998-01-17,1/17/1998,91,SANTA'S A FAT BITCH,Insane Clown Posse,Santa's A Fat BitchInsane Clown Posse,1,74,67,5,1998,1,17
http://www.billboard.com/charts/hot-100/1998-01-24,1/24/1998,97,SANTA'S A FAT BITCH,Insane Clown Posse,Santa's A Fat BitchInsane Clown Posse,1,91,67,5,1998,1,24
http://www.billboard.com/charts/hot-100/1999-12-25,12/25/1999,89,AULD LANG SYNE,Kenny G,Auld Lang SyneKenny G,1,,7,5,1999,12,25
http://www.billboard.com/charts/hot-100/1999-12-25,12/25/1999,97,DECK THE HALLS,SHeDAISY,Deck The HallsSHeDAISY,1,,61,3,1999,12,25
http://www.billboard.com/charts/hot-100/2000-01-01,1/1/2000,54,AULD LANG SYNE,Kenny G,Auld Lang SyneKenny G,1,89,7,5,2000,1,1
http://www.billboard.com/charts/hot-100/2000-01-01,1/1/2000,69,DECK THE HALLS,SHeDAISY,Deck The HallsSHeDAISY,1,97,61,3,2000,1,1
http://www.billboard.com/charts/hot-100/2000-01-01,1/1/2000,53,THIS GIFT,98 Degrees,This Gift98 Degrees,1,,49,3,2000,1,1
http://www.billboard.com/charts/hot-100/2000-01-08,1/8/2000,61,DECK THE HALLS,SHeDAISY,Deck The HallsSHeDAISY,1,69,61,3,2000,1,8
http://www.billboard.com/charts/hot-100/2000-01-08,1/8/2000,7,AULD LANG SYNE,Kenny G,Auld Lang SyneKenny G,1,54,7,5,2000,1,8
http://www.billboard.com/charts/hot-100/2000-01-08,1/8/2000,83,ALL I WANT FOR CHRISTMAS IS YOU,Mariah Carey,All I Want For Christmas Is YouMariah Carey,1,,11,19,2000,1,8
http://www.billboard.com/charts/hot-100/2000-01-08,1/8/2000,49,THIS GIFT,98 Degrees,This Gift98 Degrees,1,53,49,3,2000,1,8
http://www.billboard.com/charts/hot-100/2000-01-15,1/15/2000,79,THIS GIFT,98 Degrees,This Gift98 Degrees,1,49,49,3,2000,1,15
http://www.billboard.com/charts/hot-100/2000-01-15,1/15/2000,8,AULD LANG SYNE,Kenny G,Auld Lang SyneKenny G,1,7,7,5,2000,1,15
http://www.billboard.com/charts/hot-100/2000-01-22,1/22/2000,66,AULD LANG SYNE,Kenny G,Auld Lang SyneKenny G,1,8,7,5,2000,1,22
http://www.billboard.com/charts/hot-100/2000-12-30,12/30/2000,68,THE CHRISTMAS SHOES,NewSong,The Christmas ShoesNewSong,1,,42,2,2000,12,30
http://www.billboard.com/charts/hot-100/2001-01-06,1/6/2001,65,WHERE ARE YOU CHRISTMAS?,Faith Hill,Where Are You Christmas?Faith Hill,1,,65,1,2001,1,6
http://www.billboard.com/charts/hot-100/2001-01-06,1/6/2001,42,THE CHRISTMAS SHOES,NewSong,The Christmas ShoesNewSong,1,68,42,2,2001,1,6
http://www.billboard.com/charts/hot-100/2005-11-05,11/5/2005,92,BETTER DAYS,Goo Goo Dolls,Better DaysGoo Goo Dolls,1,83,36,20,2005,11,5
http://www.billboard.com/charts/hot-100/2005-11-12,11/12/2005,77,BETTER DAYS,Goo Goo Dolls,Better DaysGoo Goo Dolls,1,92,36,20,2005,11,12
http://www.billboard.com/charts/hot-100/2005-11-19,11/19/2005,71,BETTER DAYS,Goo Goo Dolls,Better DaysGoo Goo Dolls,1,77,36,20,2005,11,19
http://www.billboard.com/charts/hot-100/2005-11-26,11/26/2005,67,BETTER DAYS,Goo Goo Dolls,Better DaysGoo Goo Dolls,1,71,36,20,2005,11,26
http://www.billboard.com/charts/hot-100/2005-12-03,12/3/2005,68,BETTER DAYS,Goo Goo Dolls,Better DaysGoo Goo Dolls,1,67,36,20,2005,12,3
http://www.billboard.com/charts/hot-100/2005-12-10,12/10/2005,65,BETTER DAYS,Goo Goo Dolls,Better DaysGoo Goo Dolls,1,68,36,20,2005,12,10
http://www.billboard.com/charts/hot-100/2005-12-17,12/17/2005,57,BETTER DAYS,Goo Goo Dolls,Better DaysGoo Goo Dolls,1,65,36,20,2005,12,17
http://www.billboard.com/charts/hot-100/2005-12-24,12/24/2005,97,BELIEVE,Brooks & Dunn,BelieveBrooks & Dunn,1,,60,20,2005,12,24
http://www.billboard.com/charts/hot-100/2005-12-24,12/24/2005,59,BETTER DAYS,Goo Goo Dolls,Better DaysGoo Goo Dolls,1,57,36,20,2005,12,24
http://www.billboard.com/charts/hot-100/2005-12-31,12/31/2005,95,BELIEVE,Brooks & Dunn,BelieveBrooks & Dunn,1,97,60,20,2005,12,31
http://www.billboard.com/charts/hot-100/2005-12-31,12/31/2005,57,BETTER DAYS,Goo Goo Dolls,Better DaysGoo Goo Dolls,1,59,36,20,2005,12,31
http://www.billboard.com/charts/hot-100/2006-01-07,1/7/2006,48,BETTER DAYS,Goo Goo Dolls,Better DaysGoo Goo Dolls,1,57,36,20,2006,1,7
http://www.billboard.com/charts/hot-100/2006-01-07,1/7/2006,91,BELIEVE,Brooks & Dunn,BelieveBrooks & Dunn,1,95,60,20,2006,1,7
http://www.billboard.com/charts/hot-100/2006-01-14,1/14/2006,50,BETTER DAYS,Goo Goo Dolls,Better DaysGoo Goo Dolls,1,48,36,20,2006,1,14
http://www.billboard.com/charts/hot-100/2006-01-21,1/21/2006,90,BELIEVE,Brooks & Dunn,BelieveBrooks & Dunn,2,,60,20,2006,1,21
http://www.billboard.com/charts/hot-100/2006-01-21,1/21/2006,53,BETTER DAYS,Goo Goo Dolls,Better DaysGoo Goo Dolls,1,50,36,20,2006,1,21
http://www.billboard.com/charts/hot-100/2006-01-28,1/28/2006,86,BELIEVE,Brooks & Dunn,BelieveBrooks & Dunn,2,90,60,20,2006,1,28
http://www.billboard.com/charts/hot-100/2006-01-28,1/28/2006,59,BETTER DAYS,Goo Goo Dolls,Better DaysGoo Goo Dolls,1,53,36,20,2006,1,28
http://www.billboard.com/charts/hot-100/2006-12-09,12/9/2006,96,GREATEST TIME OF YEAR,Aly & AJ,Greatest Time Of YearAly & AJ,1,,96,1,2006,12,9
http://www.billboard.com/charts/hot-100/2006-12-23,12/23/2006,54,A GREAT BIG SLED,The Killers Featuring Toni Halliday,A Great Big SledThe Killers Featuring Toni Halliday,1,,54,2,2006,12,23
http://www.billboard.com/charts/hot-100/2006-12-23,12/23/2006,78,RIVER,Sarah McLachlan,RiverSarah McLachlan,1,,71,3,2006,12,23
http://www.billboard.com/charts/hot-100/2006-12-30,12/30/2006,71,RIVER,Sarah McLachlan,RiverSarah McLachlan,1,78,71,3,2006,12,30
http://www.billboard.com/charts/hot-100/2006-12-30,12/30/2006,50,HAPPY XMAS (WAR IS OVER),The Fray,Happy Xmas (War Is Over)The Fray,1,,50,2,2006,12,30
http://www.billboard.com/charts/hot-100/2007-01-06,1/6/2007,85,RIVER,Sarah McLachlan,RiverSarah McLachlan,1,71,71,3,2007,1,6
http://www.billboard.com/charts/hot-100/2007-01-06,1/6/2007,89,HAPPY XMAS (WAR IS OVER),The Fray,Happy Xmas (War Is Over)The Fray,1,50,50,2,2007,1,6
http://www.billboard.com/charts/hot-100/2007-01-06,1/6/2007,88,A GREAT BIG SLED,The Killers Featuring Toni Halliday,A Great Big SledThe Killers Featuring Toni Halliday,2,,54,2,2007,1,6
http://www.billboard.com/charts/hot-100/2007-12-08,12/8/2007,89,THIS CHRISTMAS,Chris Brown,This ChristmasChris Brown,1,,62,5,2007,12,8
http://www.billboard.com/charts/hot-100/2007-12-08,12/8/2007,86,MISTLETOE,Colbie Caillat,MistletoeColbie Caillat,1,,75,4,2007,12,8
http://www.billboard.com/charts/hot-100/2007-12-15,12/15/2007,75,MISTLETOE,Colbie Caillat,MistletoeColbie Caillat,1,86,75,4,2007,12,15
http://www.billboard.com/charts/hot-100/2007-12-15,12/15/2007,80,THIS CHRISTMAS,Chris Brown,This ChristmasChris Brown,1,89,62,5,2007,12,15
http://www.billboard.com/charts/hot-100/2007-12-22,12/22/2007,87,MISTLETOE,Colbie Caillat,MistletoeColbie Caillat,1,75,75,4,2007,12,22
http://www.billboard.com/charts/hot-100/2007-12-22,12/22/2007,96,THIS CHRISTMAS,Chris Brown,This ChristmasChris Brown,1,80,62,5,2007,12,22
http://www.billboard.com/charts/hot-100/2007-12-29,12/29/2007,74,THIS CHRISTMAS,Chris Brown,This ChristmasChris Brown,1,96,62,5,2007,12,29
http://www.billboard.com/charts/hot-100/2007-12-29,12/29/2007,99,MISTLETOE,Colbie Caillat,MistletoeColbie Caillat,1,87,75,4,2007,12,29
http://www.billboard.com/charts/hot-100/2008-01-05,1/5/2008,62,THIS CHRISTMAS,Chris Brown,This ChristmasChris Brown,1,74,62,5,2008,1,5
http://www.billboard.com/charts/hot-100/2009-12-19,12/19/2009,63,LAST CHRISTMAS,Glee Cast,Last ChristmasGlee Cast,1,,63,2,2009,12,19
http://www.billboard.com/charts/hot-100/2009-12-26,12/26/2009,89,LAST CHRISTMAS,Glee Cast,Last ChristmasGlee Cast,1,63,63,2,2009,12,26
http://www.billboard.com/charts/hot-100/2010-12-18,12/18/2010,25,CHRISTMAS LIGHTS,Coldplay,Christmas LightsColdplay,1,,25,3,2010,12,18
http://www.billboard.com/charts/hot-100/2010-12-25,12/25/2010,59,WELCOME CHRISTMAS,Glee Cast,Welcome ChristmasGlee Cast,1,,59,1,2010,12,25
http://www.billboard.com/charts/hot-100/2010-12-25,12/25/2010,57,"BABY, IT'S COLD OUTSIDE",Glee Cast,"Baby, It's Cold OutsideGlee Cast",1,,57,2,2010,12,25
http://www.billboard.com/charts/hot-100/2010-12-25,12/25/2010,35,CHRISTMAS LIGHTS,Coldplay,Christmas LightsColdplay,1,25,25,3,2010,12,25
http://www.billboard.com/charts/hot-100/2011-01-01,1/1/2011,99,"BABY, IT'S COLD OUTSIDE",Glee Cast,"Baby, It's Cold OutsideGlee Cast",1,57,57,2,2011,1,1
http://www.billboard.com/charts/hot-100/2011-01-01,1/1/2011,83,CHRISTMAS LIGHTS,Coldplay,Christmas LightsColdplay,1,35,25,3,2011,1,1
http://www.billboard.com/charts/hot-100/2011-01-01,1/1/2011,100,OH SANTA!,Mariah Carey,Oh Santa!Mariah Carey,1,,100,1,2011,1,1
http://www.billboard.com/charts/hot-100/2011-01-08,1/8/2011,99,SHAKE UP CHRISTMAS,Train,Shake Up ChristmasTrain,1,,99,1,2011,1,8
http://www.billboard.com/charts/hot-100/2011-11-05,11/5/2011,11,MISTLETOE,Justin Bieber,MistletoeJustin Bieber,1,,11,10,2011,11,5
http://www.billboard.com/charts/hot-100/2011-11-12,11/12/2011,75,MISTLETOE,Justin Bieber,MistletoeJustin Bieber,1,11,11,10,2011,11,12
http://www.billboard.com/charts/hot-100/2011-11-26,11/26/2011,85,MISTLETOE,Justin Bieber,MistletoeJustin Bieber,2,,11,10,2011,11,26
http://www.billboard.com/charts/hot-100/2011-12-03,12/3/2011,96,MISTLETOE,Justin Bieber,MistletoeJustin Bieber,2,85,11,10,2011,12,3
http://www.billboard.com/charts/hot-100/2011-12-10,12/10/2011,60,MISTLETOE,Justin Bieber,MistletoeJustin Bieber,2,96,11,10,2011,12,10
http://www.billboard.com/charts/hot-100/2011-12-17,12/17/2011,96,IT'S BEGINNING TO LOOK A LOT LIKE CHRISTMAS,Michael Buble,It's Beginning To Look A Lot Like ChristmasMichael Buble,1,,96,1,2011,12,17
http://www.billboard.com/charts/hot-100/2011-12-17,12/17/2011,44,MISTLETOE,Justin Bieber,MistletoeJustin Bieber,2,60,11,10,2011,12,17
http://www.billboard.com/charts/hot-100/2011-12-24,12/24/2011,93,I'LL BE HOME FOR CHRISTMAS,Kelly Clarkson,I'll Be Home For ChristmasKelly Clarkson,1,,93,1,2011,12,24
http://www.billboard.com/charts/hot-100/2011-12-24,12/24/2011,34,MISTLETOE,Justin Bieber,MistletoeJustin Bieber,2,44,11,10,2011,12,24
http://www.billboard.com/charts/hot-100/2011-12-31,12/31/2011,32,MISTLETOE,Justin Bieber,MistletoeJustin Bieber,2,34,11,10,2011,12,31
http://www.billboard.com/charts/hot-100/2011-12-31,12/31/2011,92,DO THEY KNOW IT'S CHRISTMAS?,Glee Cast,Do They Know It's Christmas?Glee Cast,1,,92,1,2011,12,31
http://www.billboard.com/charts/hot-100/2011-12-31,12/31/2011,99,ALL I WANT FOR CHRISTMAS IS YOU,Michael Buble,All I Want For Christmas Is YouMichael Buble,1,,99,1,2011,12,31
http://www.billboard.com/charts/hot-100/2012-01-07,1/7/2012,19,MISTLETOE,Justin Bieber,MistletoeJustin Bieber,2,32,11,10,2012,1,7
http://www.billboard.com/charts/hot-100/2012-01-14,1/14/2012,53,MISTLETOE,Justin Bieber,MistletoeJustin Bieber,2,19,11,10,2012,1,14
http://www.billboard.com/charts/hot-100/2012-12-22,12/22/2012,29,ALL I WANT FOR CHRISTMAS IS YOU,Mariah Carey,All I Want For Christmas Is YouMariah Carey,2,,11,19,2012,12,22
http://www.billboard.com/charts/hot-100/2012-12-29,12/29/2012,25,ALL I WANT FOR CHRISTMAS IS YOU,Mariah Carey,All I Want For Christmas Is YouMariah Carey,2,29,11,19,2012,12,29
http://www.billboard.com/charts/hot-100/2013-01-05,1/5/2013,21,ALL I WANT FOR CHRISTMAS IS YOU,Mariah Carey,All I Want For Christmas Is YouMariah Carey,2,25,11,19,2013,1,5
http://www.billboard.com/charts/hot-100/2013-12-07,12/7/2013,96,LAST CHRISTMAS,Ariana Grande,Last ChristmasAriana Grande,1,,96,1,2013,12,7
http://www.billboard.com/charts/hot-100/2013-12-21,12/21/2013,92,UNDERNEATH THE TREE,Kelly Clarkson,Underneath The TreeKelly Clarkson,1,,78,3,2013,12,21
http://www.billboard.com/charts/hot-100/2013-12-21,12/21/2013,26,ALL I WANT FOR CHRISTMAS IS YOU,Mariah Carey,All I Want For Christmas Is YouMariah Carey,3,,11,19,2013,12,21
http://www.billboard.com/charts/hot-100/2013-12-28,12/28/2013,27,ALL I WANT FOR CHRISTMAS IS YOU,Mariah Carey,All I Want For Christmas Is YouMariah Carey,3,26,11,19,2013,12,28
http://www.billboard.com/charts/hot-100/2013-12-28,12/28/2013,80,UNDERNEATH THE TREE,Kelly Clarkson,Underneath The TreeKelly Clarkson,1,92,78,3,2013,12,28
http://www.billboard.com/charts/hot-100/2014-01-04,1/4/2014,26,ALL I WANT FOR CHRISTMAS IS YOU,Mariah Carey,All I Want For Christmas Is YouMariah Carey,3,27,11,19,2014,1,4
http://www.billboard.com/charts/hot-100/2014-01-04,1/4/2014,45,THE CHRISTMAS SONG (MERRY CHRISTMAS TO YOU),Nat King Cole,The Christmas Song (Merry Christmas To You)Nat King Cole,3,,38,8,2014,1,4
http://www.billboard.com/charts/hot-100/2014-01-04,1/4/2014,50,ROCKIN' AROUND THE CHRISTMAS TREE,Brenda Lee,Rockin' Around The Christmas TreeBrenda Lee,4,,14,18,2014,1,4
http://www.billboard.com/charts/hot-100/2014-01-04,1/4/2014,78,UNDERNEATH THE TREE,Kelly Clarkson,Underneath The TreeKelly Clarkson,1,80,78,3,2014,1,4
http://www.billboard.com/charts/hot-100/2014-12-13,12/13/2014,65,SANTA TELL ME,Ariana Grande,Santa Tell MeAriana Grande,1,,42,5,2014,12,13
http://www.billboard.com/charts/hot-100/2014-12-20,12/20/2014,92,SANTA TELL ME,Ariana Grande,Santa Tell MeAriana Grande,1,65,42,5,2014,12,20
http://www.billboard.com/charts/hot-100/2014-12-20,12/20/2014,50,ALL I WANT FOR CHRISTMAS IS YOU,Mariah Carey,All I Want For Christmas Is YouMariah Carey,4,,11,19,2014,12,20
http://www.billboard.com/charts/hot-100/2014-12-27,12/27/2014,64,SANTA TELL ME,Ariana Grande,Santa Tell MeAriana Grande,1,92,42,5,2014,12,27
http://www.billboard.com/charts/hot-100/2014-12-27,12/27/2014,90,HAVE YOURSELF A MERRY LITTLE CHRISTMAS,Sam Smith,Have Yourself A Merry Little ChristmasSam Smith,1,,90,1,2014,12,27
http://www.billboard.com/charts/hot-100/2014-12-27,12/27/2014,40,ALL I WANT FOR CHRISTMAS IS YOU,Mariah Carey,All I Want For Christmas Is YouMariah Carey,4,50,11,19,2014,12,27
http://www.billboard.com/charts/hot-100/2015-01-03,1/3/2015,42,SANTA TELL ME,Ariana Grande,Santa Tell MeAriana Grande,1,64,42,5,2015,1,3
http://www.billboard.com/charts/hot-100/2015-01-03,1/3/2015,35,ALL I WANT FOR CHRISTMAS IS YOU,Mariah Carey,All I Want For Christmas Is YouMariah Carey,4,40,11,19,2015,1,3
http://www.billboard.com/charts/hot-100/2015-01-10,1/10/2015,50,SANTA TELL ME,Ariana Grande,Santa Tell MeAriana Grande,1,42,42,5,2015,1,10
http://www.billboard.com/charts/hot-100/2015-12-19,12/19/2015,26,ALL I WANT FOR CHRISTMAS IS YOU,Mariah Carey,All I Want For Christmas Is YouMariah Carey,5,,11,19,2015,12,19
http://www.billboard.com/charts/hot-100/2015-12-26,12/26/2015,22,ALL I WANT FOR CHRISTMAS IS YOU,Mariah Carey,All I Want For Christmas Is YouMariah Carey,5,26,11,19,2015,12,26
http://www.billboard.com/charts/hot-100/2015-12-26,12/26/2015,44,ROCKIN' AROUND THE CHRISTMAS TREE,Brenda Lee,Rockin' Around The Christmas TreeBrenda Lee,5,,14,18,2015,12,26
http://www.billboard.com/charts/hot-100/2016-01-02,1/2/2016,38,ROCKIN' AROUND THE CHRISTMAS TREE,Brenda Lee,Rockin' Around The Christmas TreeBrenda Lee,5,44,14,18,2016,1,2
http://www.billboard.com/charts/hot-100/2016-01-02,1/2/2016,18,ALL I WANT FOR CHRISTMAS IS YOU,Mariah Carey,All I Want For Christmas Is YouMariah Carey,5,22,11,19,2016,1,2
http://www.billboard.com/charts/hot-100/2016-01-09,1/9/2016,11,ALL I WANT FOR CHRISTMAS IS YOU,Mariah Carey,All I Want For Christmas Is YouMariah Carey,5,18,11,19,2016,1,9
http://www.billboard.com/charts/hot-100/2016-01-09,1/9/2016,47,JINGLE BELL ROCK,Bobby Helms,Jingle Bell RockBobby Helms,5,,29,19,2016,1,9
http://www.billboard.com/charts/hot-100/2016-01-09,1/9/2016,38,THE CHRISTMAS SONG (MERRY CHRISTMAS TO YOU),Nat King Cole,The Christmas Song (Merry Christmas To You)Nat King Cole,4,,38,8,2016,1,9
http://www.billboard.com/charts/hot-100/2016-01-09,1/9/2016,30,ROCKIN' AROUND THE CHRISTMAS TREE,Brenda Lee,Rockin' Around The Christmas TreeBrenda Lee,5,38,14,18,2016,1,9
http://www.billboard.com/charts/hot-100/2016-12-17,12/17/2016,23,ALL I WANT FOR CHRISTMAS IS YOU,Mariah Carey,All I Want For Christmas Is YouMariah Carey,6,,11,19,2016,12,17
http://www.billboard.com/charts/hot-100/2016-12-24,12/24/2016,37,ROCKIN' AROUND THE CHRISTMAS TREE,Brenda Lee,Rockin' Around The Christmas TreeBrenda Lee,6,,14,18,2016,12,24
http://www.billboard.com/charts/hot-100/2016-12-24,12/24/2016,35,JINGLE BELL ROCK,Bobby Helms,Jingle Bell RockBobby Helms,6,,29,19,2016,12,24
http://www.billboard.com/charts/hot-100/2016-12-24,12/24/2016,17,ALL I WANT FOR CHRISTMAS IS YOU,Mariah Carey,All I Want For Christmas Is YouMariah Carey,6,23,11,19,2016,12,24
http://www.billboard.com/charts/hot-100/2016-12-31,12/31/2016,46,JINGLE BELL ROCK,Bobby Helms,Jingle Bell RockBobby Helms,6,35,29,19,2016,12,31
http://www.billboard.com/charts/hot-100/2016-12-31,12/31/2016,20,ALL I WANT FOR CHRISTMAS IS YOU,Mariah Carey,All I Want For Christmas Is YouMariah Carey,6,17,11,19,2016,12,31
http://www.billboard.com/charts/hot-100/2016-12-31,12/31/2016,48,ROCKIN' AROUND THE CHRISTMAS TREE,Brenda Lee,Rockin' Around The Christmas TreeBrenda Lee,6,37,14,18,2016,12,31
http://www.billboard.com/charts/hot-100/2017-01-07,1/7/2017,47,THE CHRISTMAS SONG (MERRY CHRISTMAS TO YOU),Nat King Cole,The Christmas Song (Merry Christmas To You)Nat King Cole,5,,38,8,2017,1,7
http://www.billboard.com/charts/hot-100/2017-01-07,1/7/2017,50,LAST CHRISTMAS,Wham!,Last ChristmasWham!,1,,41,2,2017,1,7
http://www.billboard.com/charts/hot-100/2017-01-07,1/7/2017,46,A HOLLY JOLLY CHRISTMAS,Burl Ives,A Holly Jolly ChristmasBurl Ives,1,,46,1,2017,1,7
http://www.billboard.com/charts/hot-100/2017-01-07,1/7/2017,29,JINGLE BELL ROCK,Bobby Helms,Jingle Bell RockBobby Helms,6,46,29,19,2017,1,7
http://www.billboard.com/charts/hot-100/2017-01-07,1/7/2017,44,FELIZ NAVIDAD,Jose Feliciano,Feliz NavidadJose Feliciano,1,,44,1,2017,1,7
http://www.billboard.com/charts/hot-100/2017-01-07,1/7/2017,16,ALL I WANT FOR CHRISTMAS IS YOU,Mariah Carey,All I Want For Christmas Is YouMariah Carey,6,20,11,19,2017,1,7
http://www.billboard.com/charts/hot-100/2017-01-07,1/7/2017,27,ROCKIN' AROUND THE CHRISTMAS TREE,Brenda Lee,Rockin' Around The Christmas TreeBrenda Lee,6,48,14,18,2017,1,7
http://www.billboard.com/charts/hot-100/2017-01-07,1/7/2017,48,IT'S THE MOST WONDERFUL TIME OF THE YEAR,Andy Williams,It's The Most Wonderful Time Of The YearAndy Williams,1,,48,1,2017,1,7
http://www.billboard.com/charts/hot-100/2017-01-14,1/14/2017,35,ALL I WANT FOR CHRISTMAS IS YOU,Mariah Carey,All I Want For Christmas Is YouMariah Carey,6,16,11,19,2017,1,14
http://www.billboard.com/charts/hot-100/2017-01-14,1/14/2017,41,LAST CHRISTMAS,Wham!,Last ChristmasWham!,1,50,41,2,2017,1,14
